0,4pics1songanswers.com,24
1,9gag.com,228
2,a.funnystuff247.org,22
3,a.indkast.dk,426
4,a.komoona.com,914
5,aarhus.lokalavisen.dk,15
6,abcnews.go.com,22
7,acer.dk.msn.com,886
8,acer13.dk.msn.com,92
9,ad-apac.doubleclick.net,32
10,ad-emea.doubleclick.net,4394
11,ad-g.doubleclick.net,26
12,ad.360yield.com,59
13,ad.ads3trust.info,17
14,ad.afy11.net,95
15,ad.dc2.adtech.de,10
16,ad.de.doubleclick.net,40
17,ad.dk.doubleclick.net,348
18,ad.doubleclick.net,28024
19,ad.es.doubleclick.net,439
20,ad.mangapanda.com,51
21,ad.mangareader.net,971
22,ad.se.doubleclick.net,26
23,ad.uk.doubleclick.net,97
24,ad.wingads.com,142
25,ad.xtendmedia.com,68
26,ad.yieldmanager.com,7937
27,ad1.emediate.dk,6703
28,adan1.xtendmedia.com,28
29,adcast.deviantart.com,2038
30,adclient.uimserv.net,19
31,admention.adspirit.de,23
32,admin.gratisspil.dk,26
33,ads-by.madadsmedia.com,39
34,ads.adcloud.net,10
35,ads.adiply.com,31
36,ads.as4x.tmcs.ticketmaster.com,11
37,ads.creative-serving.com,14941
38,ads.lanistaads.com,5271
39,ads.okcimg.com,112
40,ads.proboards.com,63
41,ads.pubmatic.com,122
42,ads.struq.com,15
43,adserver.adtech.de,2743
44,adserver.adtechus.com,306
45,adsfront.iminent.com,12
46,afe2.specificclick.net,217027
47,aka-cdn-ns.adtech.de,11499
48,alatest.co.uk,60
49,alatest.dk,194
50,albertslund.lokalavisen.dk,38
51,aller.adservinginternational.com,46
52,alleroed.lokalavisen.dk,151
53,allrecipes.com,29
54,allrecovering.com,50
55,allsp.ch,87
56,alt.mail.aol.com,81
57,altomboern.dk,789
58,amalieancher.dk,51
59,amaliewessel.dk,185
60,amandasisse.dk,18
61,amarorama.dk,94
62,ams1.ib.adnxs.com,268903
63,ams1.mobile.adnxs.com,201
64,amtsavisen.dk,198
65,androidforums.com,29
66,andtheblack.dk,163
67,anet.tradedoubler.com,27501
68,anetdk.tradedoubler.com,4117
69,anetno.tradedoubler.com,28
70,anetse.tradedoubler.com,21
71,annawurtz.com,141
72,annesophia.blogs.berlingske.dk,99
73,ap.lijit.com,10
74,apartmentholstebro.bloggersdelight.dk,32
75,apr.lijit.com,1213
76,arcadesushi.com,16
77,armorgames.com,40
78,articledigg.com,74
79,as.webmd.com,227
80,ask.fm,55
81,astarasmussen.dk,16
82,asus.dk.msn.com,865
83,asus13.dk.msn.com,33
84,at.atwola.com,448
85,auktion.idenyt.net,16
86,auktioner.qxl.dk,29
87,auroramohn.blogg.no,19
88,autofoto.origo.no,50
89,avengersalliance.wikia.com,14
90,awoiaf.westeros.org,17
91,ax-d.pixfuture.net,45
92,b.bilen.dk,182
93,b.jads.dk,13076
94,b.photobucket.com,15
95,baboon.eniro.dk,168
96,baby-bite.dk,28
97,bankinfo.dk,10
98,banner.artodata.com,10
99,banner1.danske-it-eksperter.dk,132
100,banner2.landbrugsavisen.dk,64
101,bannerfactory.bilzonen.dk,13204
102,barnsemester.se,12
103,bastabum.dk,23
104,bedreform.nu,125
105,beep.tv2.dk,2747
106,bentwinther.blogs.berlingske.dk,10
107,beta.aftenposten.no,11
108,beta.dmi.dk,277
109,beta.jubii.dk,109
110,biertijd.com,15
111,bigbangtheory.wikia.com,10
112,bil-sitet.dk,551
113,biler.dba.dk,543
114,billede-og-lyd.dba.dk,44
115,bilmarked.politiken.dk,16
116,bilweb.se,45
117,bittebitte.dk,126
118,blamecopenhagendenmark.bloggersdelight.dk,12
119,blameitonfashion.freshnet.com,24
120,bleacherreport.com,55
121,blog.al.com,10
122,blog.saseline.com,68
123,blogbysandra.dk,464
124,blogg.dn.se,16
125,blogg.mama.nu,10
126,blogg.no,18
127,bloggar.aftonbladet.se,328
128,blogliebling.dk,32
129,blogs.bt.dk,1198
130,blogs.jp.dk,144
131,blogs.min-mave.dk,38
132,bmw5er.dk,20
133,boardgamegeek.com,12
134,bodybooster.dk,10
135,boeger-og-blade.dba.dk,10
136,boingboing.net,30
137,bolig.lokalavisen.dk,11
138,boligmarked.jp.dk,12
139,boligmarked.politiken.dk,77
140,bolignyheder.boligsiden.dk,82
141,boohyouwhore.com,12
142,bornibyen.dk,629
143,bors.e24.no,18
144,borsen.dk,14340
145,bovision.se,31
146,boxrec.com,12
147,boyfriend.dk,66
148,brashna.dk,12
149,brondby.com,558
150,bsa.adsrv.us,464
151,bt.bilen.dk,177
152,bt.brise.dk,21
153,bt.holdet.dk,1404
154,bt.jepti.dk,21
155,bulbapedia.bulbagarden.net,10
156,bureaubiz.adservinginternational.com,62
157,bytbil.com,12
158,c9.w3hoster.de,14
159,callofduty.wikia.com,36
160,camping.dba.dk,39
161,campingferie.dk,11
162,caravans.autotrader.co.uk,10
163,carolineevigglad.com,36
164,cars.oodle.com,12
165,casalicious.dk,18
166,catalog.fborfw.com,11
167,cathinthecity.com,24
168,cdn.buzznet.com,96
169,cdn.endirect.me,11
170,cdn.flvto.com,40
171,cdn.tdfimg.com,10
172,cdn.trendhunterstatic.com,13
173,cdn6.emediate.eu,29
174,charlie.tv2.dk,23
175,cheezburger.com,38
176,cityrama2-865.ah.bpcdn.net,36
177,classiccars.com,18
178,clubmetroxpress.dk,56
179,columbine.freshnet.com,13
180,community.babycenter.com,20
181,compaq.dk.msn.com,585
182,compat.tyda.se,11
183,connery.dk,131
184,connexity.net,2482
185,content.announcements.uk.com,32
186,coolrom.com,24
187,costume.dk,1141
188,cpuboss.com,14
189,crm.digitalchocolate.com,147
190,crtl.aimatch.com,284
191,csi.wikia.com,91
192,cutecarbs.com,471
193,cykelmagasinet.dk,21
194,cykler.dba.dk,110
195,d.gssp-a.com,28
196,d5p.de17a.com,120654
197,da.bab.la,236
198,da.coinmill.com,11
199,da.netlog.com,46
200,da.vaabenbroedre.wikia.com,53
201,dagbladet-holstebro-struer.dk,992
202,dagbladetringskjern.dk,618
203,dailystylediary.com,59
204,danielishoj.dk,72
205,danskespil.holdet.dk,2331
206,danskfodbold.com,34
207,data.lizads.com,15
208,data.tbc.tetrisfb.com,576
209,dating.dk.msn.com,77
210,de.hosting.adjug.com,10
211,deliver.aadsrv.com,21
212,dell.dk.msn.com,136
213,denkorteavis.dk,332
214,deser.pl,12
215,detskalsmageafnoget.dk,94
216,dev.bukkit.org,12
217,digimon.wikia.com,46
218,digital-photography-school.com,16
219,digitalfoto.dk,284
220,digitalt.tv,74
221,dilbert.com,13
222,dinavis.lokalavisen.dk,14
223,dindebat.dk,1577
224,dinmat.no,13
225,dinsalgsvagt.adservinginternational.com,7818
226,disney.wikia.com,33
227,dittesblog.dk,26
228,diverse.dba.dk,99
229,dk-kogebogen.dk,1104
230,dk.gmads.net,10660
231,dk.jobrapido.com,176
232,dk.linkedin.com,29
233,dk.msn.com,18467
234,dk.worldsbiggestchat.com,1822
235,dkira.com,244
236,dlisted.com,50
237,doma.nova.cz,16
238,doodle.com,93
239,dostorasly.com,11
240,download.cnet.com,135
241,download.dk.msn.com,17
242,dreammoods.com,12
243,dungeonbusters.com,33
244,dyr.dba.dk,288
245,e2.emediate.se,27219
246,e24.no,738
247,eas.information.dk,977
248,eas4.emediate.eu,12953
249,eas8.emediate.eu,123800
250,edge.youtube-mp3.org,19
251,ekstrabladet.dk,583688
252,elderscrolls.wikia.com,19
253,elitedaily.com,11
254,emachines.dk.msn.com,235
255,embedr.com,19
256,emea-bidder.mathtag.com,385
257,emiliblog.dk,144
258,emilysalomon.dk,219
259,emmamartiny.dk,33
260,emmasilke.dk,79
261,emmoemmo.com,43
262,entertainment.dk.msn.com,17143
263,epicdpic.com,70
264,epn.dk,4586
265,erhverv.dba.dk,15
266,esbjerg.lokalavisen.dk,86
267,espresso.repubblica.it,14
268,etfashionfund.com,30
269,evak.dk,28
270,exch-e.atdmt.com,267
271,exch-eu.atdmt.com,93628
272,exch-w.atdmt.com,1868
273,expectationvsreality.net,27
274,facebook.com,31070
275,facebook2.poker.zynga.com,21
276,failblog.cheezburger.com,371
277,fallout.wikia.com,72
278,farmerama.tv2.dk,123
279,fashionbyfrium.com,33
280,fashionmanifest.dk,56
281,favrskov.lokalavisen.dk,13
282,fcbarcelona.dk,44
283,feber.se,49
284,feltet.dk,3053
285,ferie.dba.dk,10
286,ferieliv.dk,2171
287,fielaursen.dk,975
288,fierceogfattig.dk,190
289,filehippo.com,16
290,filmehd.net,18
291,finans.borsen.dk,207
292,finans.tv2.dk,4981
293,firma.eniro.dk,80
294,fitnesser.bloggersdelight.dk,68
295,fitnrun.bloggersdelight.dk,70
296,flatpanels.dk,222
297,flightrising.com,140
298,floatertalk.yuku.com,89
299,fm.boyfriend.dk,16
300,fodbold.aabsport.dk,227
301,folkebladetlemvig.dk,70
302,football-italia.net,26
303,footy.dk,201
304,forum.lro.com,12
305,forum.oestrogen.dk,35
306,forum.xda-developers.com,297
307,forums.androidcentral.com,15
308,forums.digitalspy.co.uk,10
309,fotballfrue.no,64
310,foto.samvirke.dk,28
311,fotoquiz.dk.msn.com,62
312,fredensborg.lokalavisen.dk,127
313,fredericia.lokalavisen.dk,20
314,frederikssund.lokalavisen.dk,96
315,freerice.com,131
316,fri.tv2.dk,689
317,frk.gamib.net,251
318,frkvilstrup.dk,109
319,fudjan.com,13
320,fuglemarkedet.dk,136
321,fujitsu13.dk.msn.com,13
322,funlolx.com,266
323,funnie.st,165
324,funnymama.com,48
325,furesoe.lokalavisen.dk,34
326,fusion.nettavisen.no,21
327,fynskemedieradmin.adservinginternational.com,82034
328,gaffa.dk,1955
329,gags247.com,29
330,galleri.tv2.dk,274
331,gamersunite.coolchaser.com,14
332,gamingbolt.com,11
333,ganeoggaffel.dk,175
334,gastromand.dk,42
335,gentofte.lokalavisen.dk,63
336,ginajaqueline.com,20
337,glee.wikia.com,25
338,go.tv2.dk,10386
339,goerdetselv.dk,425
340,gofugyourself.com,55
341,google.tv2.dk,239
342,googleads.g.doubleclick.net,261009
343,gratispil.dk,38
344,gratisspil.dk,5541
345,guide.lokalavisen.dk,27
346,guides.gamepressure.com,14
347,guyism.com,16
348,h-avis.no,38
349,ha.rubrikken.no,10
350,haderslev.lokalavisen.dk,13
351,harrypotter.wikia.com,26
352,have-og-byg.dba.dk,49
353,hbl.fi,37
354,hd.se,19
355,healthup.bloggersdelight.dk,10
356,helios.finn.no,15
357,helleialanya.bloggersdelight.dk,16
358,helsingoer.lokalavisen.dk,29
359,heltnormalt.dk,444
360,hendesverden.dk,18
361,hespress.com,22
362,hilleroed.lokalavisen.dk,103
363,hjemmet.dk,37
364,hoersholm.lokalavisen.dk,218
365,holdsport.dk,316
366,homesick.nu,15
367,hoopshype.com,19
368,horoskoper.dk.msn.com,479
369,hotels.skyscanner.com,31
370,hp-comm.dk.msn.com,137
371,hp.dk.msn.com,2388
372,hu.netlog.com,10
373,hvidovre.lokalavisen.dk,70
374,hyggestedet.dk,102
375,i.vemba.com,1188
376,ib.adnxs.com,66038
377,icanhas.cheezburger.com,75
378,iform.dk,1356
379,ih.adscale.de,25
380,illvid.dk,513
381,ilolmore.com,171
382,images.hotprofileplus.com,13
383,images.songspkads.com,15
384,imageshack.us,15
385,imgfave.com,93
386,imgur.com,56
387,imnext.se,33
388,impr.adservicemedia.dk,248
389,inabob.dk,59
390,indkast.dk,274
391,ing.dk,546
392,inhabitat.com,23
393,injusticegodsamongus.wikia.com,26
394,insidetv.ew.com,10
395,investor.borsen.dk,325
396,ipadguide.dk,16
397,iphoneguide.dk,113
398,iranproud.com,98
399,irinathediva.dk,52
400,isabellathordsen.dk,314
401,itsmemelanie.dk,13
402,jackienavarro.dk,11
403,jang.com.pk,109
404,jeanettezeniia.com,18
405,johannekohlmetz.dk,305
406,joyofbaking.com,29
407,julieboewig.bloggersdelight.dk,29
408,jv.adservinginternational.com,10811
409,jyllands-posten.dk,55709
410,jyskemedier.adservinginternational.com,556
411,kalender.idenyt.net,2870
412,kanalsport.dk,3231
413,karinaananda.dk,29
414,katharinakjeldgaard.com,30
415,kathrine.blogs.berlingske.dk,65
416,katrinekrojby.dk,366
417,kendte.dk,2182
418,kenzas.se,45
419,kidstour.isobar.dk,73
420,kidstour.tv2.dk,28
421,kitchen.manualsonline.com,12
422,kiwigoesbananas.com,26
423,kizi.com,311
424,klaraholm.dk,11
425,knowd.com,11
426,knowyourmeme.com,29
427,koege.lokalavisen.dk,41
428,kolding.lokalavisen.dk,19
429,komputer.dk,173
430,kort.degulesider.dk,876
431,kulturkamp.blogs.berlingske.dk,11
432,l.yimg.com,19
433,l0ve.blogg.no,31
434,last-gunfighter.livejournal.com,19
435,laughtertab.com,19
436,lavishlavish.com,75
437,lawnandgarden.manualsonline.com,10
438,lax1.ib.adnxs.com,420
439,leagueoflegends.wikia.com,42
440,lenovo.dk.msn.com,325
441,lenovo13-comm.dk.msn.com,12
442,life.time.com,13
443,ligabold.dk,1437
444,lineandree.dk,28
445,linkguider.jubii.dk,39
446,lisakastleen.com,23
447,lisbethknudsen.blogs.berlingske.dk,17
448,list25.com,18
449,listverse.com,13
450,livingdoll.no,16
451,livsstil.dk.msn.com,4754
452,login.tv2.dk,169
453,lokalavisen.dk,1263
454,lolchamp.com,13
455,lolcounter.com,10
456,loltrap.com,41
457,lolzbook.com,116
458,lolzland.com,123
459,lones.blog.idenyt.net,11
460,lotr.wikia.com,28
461,loudwire.com,51
462,louises.blog.idenyt.net,40
463,lyngby-taarbaek.lokalavisen.dk,60
464,m.adnxs.com,18779
465,m.b.dk,62
466,m.bt.dk,263
467,m.business.dk,38
468,m.dba.dk,16
469,m.jyllands-posten.dk,35
470,m.sporten.dk,148
471,m2.feiwei.tv,58
472,mabra.com,11
473,madridista.dk,22
474,madsholger.blogs.berlingske.dk,45
475,magazine.trendsales.dk,897
476,mail.sol.dk,3466
477,mail2web.com,29
478,makeovr.com,39
479,makogon-6.livejournal.com,12
480,mangafox.me,1211
481,map.krak.dk,38355
482,marinetraffic.com,11
483,markedsindeks.boligsiden.dk,38
484,marvel-war-of-heroes.wikia.com,13
485,maschavang.dk,1172
486,mashable.com,14
487,matholck.blogg.no,13
488,mb.zam.com,1003
489,media.flygresor.se,10
490,media.gamehouse.com,76
491,media.glispa.com,75
492,media.x3711.com,451
493,mediatakeout.com,13
494,medion.dk.msn.com,223
495,medrundtonline.dk,45
496,memebase.cheezburger.com,123
497,mgid.com,10
498,michalasloth.bloggersdelight.dk,42
499,miconfesion.dk,141
500,millansandberg.myshowroom.se,23
501,missjeanett.dk,241
502,mitchelnebelong.dk,16
503,mittkok.expressen.se,161
504,mitunivers.oestrogen.dk,1140
505,mizzepii.bloggersdelight.dk,125
506,mmm.dk,639
507,mobil.bold.dk,263
508,mobil.nu,2506
509,mobile.mmm.dk,10
510,modemedmere.dk,177
511,morethanaclub.dk,111
512,motorcykler.dba.dk,84
513,myanimelist.net,90
514,myforecast.com,10
515,myfriendsaremarried.tumblr.com,18
516,mylifeandeverythinginbetween.com,14
517,mylifeasanna.bloggersdelight.dk,10
518,mylifeaseif.bloggersdelight.dk,101
519,myonlinearcade.com,6196
520,nadialinevonbach.com,48
521,nasdaqomxnordic.com,23
522,natgeo.dk,91
523,ncis.wikia.com,20
524,ncisla.wikia.com,11
525,nemesisbabe.dk,36
526,netgear-wg111v2-54mbps-wireless-usb-2-0-adapter.soft32.com,11
527,netnatur.dk,69
528,nettenestea.com,21
529,news.cnet.com,10
530,news.dk,2923
531,news.moviefone.com,12
532,newsbreak.dk,1454
533,newsinnepali.com,20
534,newz.dk,69
535,ni.dk,2217
536,ninjakiwi.com,100
537,nm.adservinginternational.com,12257
538,no-dagbladet.videoplaza.tv,14
539,nordjyske.bilzonen.dk,35
540,nordjyske.dk,20
541,nr.soccerway.com,20
542,nyheder.dk.msn.com,2091
543,nyhederne.tv2.dk,77350
544,nyhedsbreve.tv2.dk,21
545,nyheter24.se,124
546,nym1.b.adnxs.com,95
547,nym1.ib.adnxs.com,3526
548,nymail.jubii.dk,10822
549,oas.newsquestdigital.co.uk,11
550,oblad.no,15
551,odds1.dk,288
552,ohnotheydidnt.livejournal.com,101
553,ohsheglows.com,27
554,oldtrafford.dk,614
555,onside.dk,8924
556,openx.dailyrush.dk,236
557,openx.timefor.tv,42
558,openx.xion.dk,11
559,oppskrift.klikk.no,14
560,opskrifter.dk,436
561,optimized-by.rubiconproject.com,68910
562,osdir.com,70
563,ox-d.blogtalkradio.com,35
564,ox-d.bold.dk,6429
565,ox-d.gamerpublishing.com,159
566,ox-d.pubgears.com,17
567,ox-delivery.propelcom.dk,986
568,ox-social.bidsystem.com,190
569,packardbell.dk.msn.com,479
570,pagik.dk,87
571,paper-crunch.livejournal.com,19
572,passionsforfashion.dk,911
573,patricialouise.bloggersdelight.dk,13
574,pelikone.fi,13
575,penge.dk,637
576,perezhilton.com,294
577,pernilleagerup.dk,60
578,person.eniro.dk,1078
579,personer.eniro.se,51
580,phosee.dk,157
581,photo.net,82
582,pizap.com,48
583,plummum.dk,61
584,politiken.dk,90124
585,politirapporten.nu,48
586,porssi.taloussanomat.fi,10
587,ppbspil.tv2.dk,10
588,programmer.tv2.dk,331
589,pub.akinator.com,20
590,pub.weatherbug.com,17
591,pubads.g.doubleclick.net,747
592,pudderdaaserne.dk,384
593,puzzledhearts.com,674
594,rad.msn.com,5251
595,read.indkast.dk,98
596,realitypod.com,16
597,rejser.kelkoo.dk,10
598,reseguiden.expressen.se,13
599,resource.guim.co.uk,54
600,retardo.dk,715
601,reviews.cnet.com,37
602,richkidsofinstagram.tumblr.com,16
603,rikkesmakeupblog.dk,29
604,risingcities.tv2.dk,36
605,roadcyclinguk.com,20
606,rockongags.com,249
607,rockpaperdresses.com,437
608,roflrazzi.cheezburger.com,28
609,roflzone.com,343
610,roskilde.lokalavisen.dk,99
611,rp.eu.real.com,365
612,rudersdal.lokalavisen.dk,93
613,rya.rockyou.com,103
614,s-u-s.dk,110
615,s.as997.de,25
616,s.atemda.com,1088
617,s.komoona.com,42
618,s.mpcdn.net,680
619,s1.adspine.com,25
620,s2.adspine.com,26
621,s3.adspine.com,17
622,s4.adspine.com,20
623,s8.adspine.com,14
624,s9.adspine.com,18
625,samsung.dk.msn.com,118
626,samvirke.dk,2067
627,sarahlouise.dk,1408
628,scooter.dba.dk,47
629,screenrant.com,34
630,secure-ams.adnxs.com,10255
631,secure.adnxs.com,6521
632,sermitsiaq.ag,217
633,serve.adyielder.com,8339
634,shakerzone.dk,59
635,shopaholicsisters.dk,149
636,shopping.blocket.se,25
637,showads.pubmatic.com,453
638,sidseloglasse.com,92
639,silaskieffer.dk,11
640,sillewho.dk,450
641,sims.wikia.com,63
642,sjaellandske.adservinginternational.com,2358
643,sjovforborn.dk,24
644,skanderborg.lokalavisen.dk,21
645,slankedoktor.dk,353
646,smagsloejer.dk,89
647,smite.gamepedia.com,33
648,smurfs.wikia.com,13
649,soeg.jubii.dk,549
650,soenderborg.lokalavisen.dk,11
651,sondagsavisen.dk,5045
652,sony.dk.msn.com,65
653,sophywood.bloggersdelight.dk,20
654,sorenpind.blogs.berlingske.dk,17
655,soundvenueas.adservinginternational.com,1729
656,spil.bt.dk,293
657,spil.jubii.dk,34
658,spil.tv2.dk,740
659,spilskyen.tv2.dk,3864
660,spoonyexperiment.com,43
661,sport-og-fritid.dba.dk,52
662,sport.dk.msn.com,127
663,sport.sme.sk,16
664,sporten.tv2.dk,33061
665,sportsresultater.tv2.dk,75
666,staevner.dk,17
667,start.lenovo.com,679
668,startpage.lenovo.com,14
669,starwars.wikia.com,13
670,statcounter.com,44
671,static.mbl.is,118
672,statigr.am,109
673,stiften.dk,443
674,streetstyle.costume.dk,17
675,studenterguiden.dk,13
676,suchen.mobile.de,1131
677,sundhedsguiden.adservinginternational.com,1451
678,surnames.behindthename.com,11
679,sv.monkeybroker.net,66
680,svenskanamn.alltforforaldrar.se,10
681,svenskdam.se,128
682,syddjurs.lokalavisen.dk,12
683,sysbjerre.dk,11
684,t.acer13.dk.msn.com,116
685,t.asus13.dk.msn.com,84
686,t.dk.msn.com,298
687,t.entertainment.dk.msn.com,947
688,t.hp13.dk.msn.com,193
689,t.lenovo13.dk.msn.com,46
690,t.livsstil.dk.msn.com,197
691,t.nyheder.dk.msn.com,163
692,t.samsung13.dk.msn.com,11
693,t.sport.dk.msn.com,10
694,t.toshiba13.dk.msn.com,68
695,taahyler.dk,1285
696,tablet.dagbladet.no,63
697,tabs.ultimate-guitar.com,40
698,tag.admeld.com,2003
699,tahrirnews.com,26
700,tap2-cdn.rubiconproject.com,18
701,tb.no,77
702,techcrunch.com,13
703,teenwolf.wikia.com,17
704,terraria.wikia.com,18
705,testdigselv.dk.msn.com,149
706,thatguywiththeglasses.com,200
707,theblackone.dk,26
708,thechive.com,31
709,thedevilspanties.com,10
710,thehealthyapple.com,10
711,theimpressionista.com,30
712,theveteranssite.greatergood.com,20
713,til-boern.dba.dk,57
714,til-boligen.dba.dk,53
715,timesofindia.indiatimes.com,19
716,tinamarias.com,915
717,tipsbladet.dk,3329
718,todaypage.mail.aol.com,74
719,toej-og-mode.dba.dk,16
720,tomjensen.blogs.berlingske.dk,46
721,toshiba.dk.msn.com,71
722,translate.googleusercontent.com,62
723,trophymanager.com,414
724,ttv.tv2.dk,550
725,tunein.com,12
726,tupalo.com,19
727,tv2.dk,63649
728,tv3.dk,557
729,tvtid-beta.tv2.dk,50
730,tvtid.tv2.dk,8452
731,twoatatime.bloggersdelight.dk,13
732,tx3.travian.dk,10
733,ugens7dage.bloggersdelight.dk,26
734,uk-ads.openx.net,1857
735,uk.eonline.com,22
736,uk.shopping.com,34
737,uk.weather.com,10
738,ultimateclassicrock.com,14
739,unimedia.adservinginternational.com,222
740,us-ads.openx.net,336
741,vaporjoe.blogspot.dk,25
742,varde.lokalavisen.dk,10
743,varebilogtransport.dk,30
744,veetle.com,17
745,vejle.lokalavisen.dk,14
746,vejret.dk,454
747,vejret.dk.msn.com,382
748,vejret.tv2.dk,17685
749,viborg-folkeblad.dk,148
750,video.dk.msn.com,59
751,view.atdmt.com,102719
752,vildekaniner.dk,380
753,viskalspise.dk,53
754,voresborn.dk,1028
755,warlockmota.wikia.com,10
756,watagame.adservinginternational.com,1593
757,weheartit.com,33
758,wewonder.dk,213
759,whats-theword.com,113
760,whatshouldwecallme.tumblr.com,23
761,whynotblog.dk,44
762,wiki.answers.com,37
763,wolfenstein.wikia.com,11
764,woman.dk,9387
765,workwithme.bloggersdelight.dk,53
766,woview.infomedia.dk,24
767,wow.joystiq.com,29
768,wp-blogg.nyheter24.se,10
769,ww9.centerblog.net,12
770,www.123kort.dk,157
771,www.123spill.no,32
772,www.1881.no,59
773,www.192.com,13
774,www.aabsport.dk,196
775,www.abs-cbnnews.com,11
776,www.accuweather.com,393
777,www.acunn.com,14
778,www.ad.nl,18
779,www.adressa.no,94
780,www.afrointroductions.com,62
781,www.aftenbladet.no,59
782,www.aftenposten.no,168
783,www.aftonbladet.se,1195
784,www.agf.dk,257
785,www.agffodbold.dk,26
786,www.agriaffaires.co.uk,15
787,www.airliners.net,31
788,www.alive.dk,38
789,www.allabolag.se,18
790,www.allcdcovers.com,12
791,www.alleannoncer.dk,56
792,www.alleoppskrifter.no,24
793,www.allfreecrochet.com,118
794,www.allfreeknitting.com,24
795,www.allmusic.com,57
796,www.alltforforaldrar.se,17
797,www.allthetests.com,16
798,www.altfordamerne.dk,5555
799,www.amazingribs.com,14
800,www.amino.dk,252
801,www.amobil.no,41
802,www.an.no,519
803,www.ancientfaces.com,27
804,www.androidcentral.com,49
805,www.anime44.com,11
806,www.animefreak.tv,140
807,www.animeplus.tv,13
808,www.animeultima.tv,47
809,www.antikogauktion.dk,78
810,www.anymeeting.com,19
811,www.aok.dk,6727
812,www.arto.com,231
813,www.askmrrobot.com,93
814,www.audioholics.com,10
815,www.auto-motor-und-sport.de,11
816,www.autobild.de,111
817,www.autoexpress.co.uk,37
818,www.automotorsport.se,31
819,www.autoscout24.ch,17
820,www.autoscout24.de,32
821,www.autotrader.co.uk,15
822,www.avisen.dk,3171
823,www.avm.dk,14
824,www.b.dk,41673
825,www.ba.no,21
826,www.baadgalleri.dk,36
827,www.baboom.dk,104
828,www.baby.dk,213
829,www.babygalleri.dk,52
830,www.babynamegenie.com,11
831,www.babynames.com,18
832,www.babynamescountry.com,20
833,www.bankinfo.dk,33
834,www.barcelonafc.dk,69
835,www.barnsemester.se,138
836,www.bazaronline.dk,10
837,www.bbc.co.uk,115
838,www.behindthename.com,37
839,www.belfasttelegraph.co.uk,13
840,www.belloflostsouls.net,77
841,www.benzworld.org,10
842,www.bil-guide.dk,103
843,www.bilbasen.dk,8389
844,www.bild.de,129
845,www.bilekspressen.dk,31
846,www.bilen.dk,42
847,www.bilgalleri.dk,504
848,www.billedbladet.dk,4398
849,www.billetlugen.dk,1557
850,www.billige.dk,32
851,www.bilpriser.dk,16
852,www.biltorvet.dk,5110
853,www.bilzonen.dk,1001
854,www.biography.com,14
855,www.blocket.se,570
856,www.boarding.no,16
857,www.bold.dk,24877
858,www.bolig-guide.dk,13
859,www.boliga.dk,14308
860,www.boligdebatten.dk,79
861,www.boliggalleri.dk,40
862,www.boligliv.dk,423
863,www.boligone.dk,72
864,www.boligportal.dk,146
865,www.boligsiden.dk,2341
866,www.bolius.dk,553
867,www.booli.se,65
868,www.box10.com,13
869,www.boyfriend.dk,20
870,www.brainyquote.com,46
871,www.break.com,15
872,www.brigitte.de,12
873,www.bt.dk,287499
874,www.bt.no,15
875,www.business.dk,8571
876,www.bygg.no,14
877,www.bytbil.com,15
878,www.cad-comic.com,18
879,www.campingferie.dk,44
880,www.carandclassic.co.uk,369
881,www.caraworld.de,17
882,www.cardomain.com,37
883,www.casualgames.com,29
884,www.championselect.net,38
885,www.cheatcc.com,25
886,www.cheezburger.com,97
887,www.chess.com,151
888,www.ciao.co.uk,14
889,www.clubmetroxpress.dk,644
890,www.cnet.com,16
891,www.cokeandpopcorn.ch,40
892,www.comingsoon.net,61
893,www.computerworld.dk,484
894,www.convertunits.com,11
895,www.cookinggames.com,14
896,www.coolrom.com,72
897,www.corren.se,89
898,www.corriere.it,44
899,www.cosmopolitan.co.uk,43
900,www.cosmopolitan.com,21
901,www.couriermail.com.au,33
902,www.craftpassion.com,13
903,www.crochetpatterncentral.com,24
904,www.curse.com,37
905,www.cyclingnews.com,35
906,www.cyclingquotes.com,39
907,www.cykelgalleri.dk,59
908,www.da-ads.com,603
909,www.dagbladet.no,418
910,www.dagens.dk,104
911,www.dailyhiit.com,17
912,www.dailymail.co.uk,581
913,www.dailyrush.dk,31
914,www.damnlol.com,536
915,www.danmarkskort.dk,40
916,www.danskfodbold.com,10
917,www.davidicke.com,10
918,www.dba.dk,59733
919,www.dbfu-biler.dk,22
920,www.dbu.dk,430
921,www.dbufyn.dk,55
922,www.dbujylland.dk,66
923,www.dbusjaelland.dk,16
924,www.degulesider.dk,9558
925,www.denofgeek.com,11
926,www.depechemode.de,84
927,www.designsponge.com,10
928,www.di.se,92
929,www.dinepenger.no,38
930,www.discogs.com,42
931,www.disney.dk,310
932,www.dk-kogebogen.dk,46097
933,www.dmi.dk,52443
934,www.dn.no,792
935,www.dn.se,879
936,www.doodle.com,147
937,www.dostorasly.com,17
938,www.dressupgal.com,25
939,www.dummies.com,13
940,www.e-chords.com,12
941,www.e-pages.dk,30
942,www.ebaumsworld.com,24
943,www.edbpriser.dk,297
944,www.ehow.com,84
945,www.eksperten.dk,110
946,www.elle.dk,1393
947,www.empireonline.com,26
948,www.endirect.me,10
949,www.endomondo.com,3978
950,www.engadget.com,20
951,www.epn.dk,430
952,www.escapistmagazine.com,13
953,www.euroads.se,12
954,www.eurogamer.dk,141
955,www.euroinvestor.dk,11936
956,www.euroman.dk,1350
957,www.eurowoman.dk,1585
958,www.evilmilk.com,21
959,www.evo.co.uk,11
960,www.examiner.com,36
961,www.expertreviews.co.uk,54
962,www.expressen.se,920
963,www.familiejournal.dk,3743
964,www.fanfiction.net,287
965,www.fanpop.com,34
966,www.fashionmodeldirectory.com,39
967,www.fcbarcelona.dk,580
968,www.fdm.dk,2183
969,www.fdmbenzinpriser.dk,266
970,www.feltet.dk,11583
971,www.femina.dk,1322
972,www.festabc.dk,192
973,www.filehippo.com,11
974,www.filipinocupid.com,43
975,www.finanznachrichten.de,32
976,www.findeopskrifter.dk,2106
977,www.finn.no,645
978,www.fitliving.dk,804
979,www.fitnessworld.dk,2125
980,www.fixya.com,63
981,www.flashgames247.com,18
982,www.flatpanels.dk,1185
983,www.flightstats.com,41
984,www.flybillet.dk,375
985,www.football-italia.net,203
986,www.forbes.com,17
987,www.formspring.me,410
988,www.fotbollskanalen.se,12
989,www.fotostart.dk,11
990,www.freekibble.com,62
991,www.freekibblekat.com,45
992,www.freeonlinegames2.co.uk,12
993,www.funnygames.dk,16
994,www.funnygames.nl,13
995,www.funnystuff247.org,15
996,www.funnystuffs.com,111
997,www.futhead.com,107
998,www.fvn.no,28
999,www.gamefaqs.com,118
1000,www.games.com,594
1001,www.gamesbox.com,131
1002,www.gao-subs.com,18
1003,www.gaomanga.com,183
1004,www.garfield.com,25
1005,www.gastro.dk,274
1006,www.gd.no,145
1007,www.geeksaresexy.net,11
1008,www.geocaching.com,340
1009,www.girlgames.com,59
1010,www.girlswithslingshots.com,25
1011,www.givemesport.com,10
1012,www.gizmag.com,25
1013,www.gladespil.dk,47
1014,www.glomdalen.no,62
1015,www.gnavergalleri.dk,114
1016,www.goal.com,321
1017,www.gocomics.com,99
1018,www.godhumor.dk,644
1019,www.gogoanime.com,336
1020,www.goleif.dk,25
1021,www.golf.dk,3560
1022,www.gooddrama.net,84
1023,www.goodreads.com,43
1024,www.gosim.com,18
1025,www.gp.se,16
1026,www.gpsies.com,34
1027,www.gratisspil.dk,1800
1028,www.gribskovavisen.dk,14
1029,www.guardian.co.uk,542
1030,www.guildwars2guru.com,12
1031,www.gulesider.no,25
1032,www.h-avis.no,150
1033,www.handball-world.com,11
1034,www.hardware.no,74
1035,www.hardwareonline.dk,339
1036,www.harpersbazaar.com,14
1037,www.hbold.dk,703
1038,www.health.com,14
1039,www.heatworld.com,25
1040,www.heavy.com,15
1041,www.hegnar.no,1690
1042,www.hel.dk,52
1043,www.hellokids.com,13
1044,www.hemmetsjournal.se,12
1045,www.hemnet.se,201
1046,www.hendesverden.dk,1011
1047,www.herognu.com,123
1048,www.heste-nettet.dk,4265
1049,www.hestegalleri.dk,4041
1050,www.hifipriser.dk,14
1051,www.hitta.se,65
1052,www.hjemmet.dk,566
1053,www.holdet.dk,2274
1054,www.holdsport.dk,411
1055,www.holiday-weather.com,15
1056,www.holidaycheck.de,30
1057,www.horseandhound.co.uk,20
1058,www.hot.dk,1612
1059,www.hotnewhiphop.com,23
1060,www.hs.fi,15
1061,www.ht.no,55
1062,www.huffingtonpost.co.uk,130
1063,www.huffingtonpost.com,728
1064,www.hundegalleri.dk,6551
1065,www.huntersmagazine.com,40
1066,www.hyggestedet.dk,1459
1067,www.ibtimes.com,19
1068,www.icakuriren.se,11
1069,www.idenyt.dk,4925
1070,www.ighome.com,11
1071,www.ilfattoquotidiano.it,34
1072,www.iltalehti.fi,47
1073,www.iltasanomat.fi,61
1074,www.imarkedet.no,16
1075,www.in.dk,77
1076,www.independent.co.uk,61
1077,www.independent.ie,24
1078,www.indkast.dk,235
1079,www.instructables.com,53
1080,www.interdidactica.com,97
1081,www.inv.dk,376
1082,www.isabellas.dk,59
1083,www.jaegerforbundet.dk,143
1084,www.jetcost.dk,23
1085,www.jigidi.com,19
1086,www.jpost.com,23
1087,www.jubii.dk,21917
1088,www.justjared.com,73
1089,www.juventus.dk,12
1090,www.jyllands-posten.dk,221
1091,www.kattegalleri.dk,601
1092,www.kelkoo.dk,84
1093,www.kenzas.se,30
1094,www.kigind.com,105
1095,www.kino.dk,8767
1096,www.kissinggames.com,11
1097,www.kjendis.no,63
1098,www.klart.se,47
1099,www.klassisk.org,28
1100,www.klikk.no,225
1101,www.kokkenkob.dk,10
1102,www.komogvind.dk,15198
1103,www.kongregate.com,15
1104,www.krak.dk,46618
1105,www.kultunaut.dk,28
1106,www.lamebook.com,106
1107,www.laptopmag.com,14
1108,www.last.fm,241
1109,www.lastbilgalleri.dk,80
1110,www.lauritz.com,14602
1111,www.lav-det-selv.dk,317
1112,www.learning-styles-online.com,12
1113,www.leasticoulddo.com,21
1114,www.lefigaro.fr,14
1115,www.letslol.org,31
1116,www.lfgcomic.com,69
1117,www.ligabold.dk,502
1118,www.linkedin.com,13
1119,www.listentoyoutube.com,129
1120,www.liverpool-fc.dk,32
1121,www.liverpool.no,32
1122,www.liverpoolecho.co.uk,139
1123,www.liverpoolfc.dk,19
1124,www.livestrong.com,14
1125,www.locopengu.com,12
1126,www.lofotposten.no,85
1127,www.lolhappens.com,54
1128,www.lostiempos.com,24
1129,www.louiogbearnaisen.dk,16
1130,www.lovemaegan.com,15
1131,www.lydogbilde.no,72
1132,www.lyricsmode.com,10
1133,www.madabc.dk,46
1134,www.mademan.com,15
1135,www.madenimitliv.dk,26
1136,www.madogbolig.dk,401
1137,www.madopskrifter.nu,18
1138,www.madridista.dk,74
1139,www.maduniverset.dk,1547
1140,www.magacin.dk,234
1141,www.magasinetmad.dk,102
1142,www.mail.com,252
1143,www.mama.dk,258
1144,www.manchestereveningnews.co.uk,16
1145,www.manga2u.me,16
1146,www.mangago.com,1350
1147,www.mangahere.com,776
1148,www.mangahit.com,63
1149,www.mapquest.com,16
1150,www.mapsofworld.com,17
1151,www.marinetraffic.com,576
1152,www.marktplaats.nl,12
1153,www.marriland.com,11
1154,www.mascus.dk,138
1155,www.maxim.com,10
1156,www.mediafire.com,210
1157,www.medrundtonline.dk,28
1158,www.meetme.com,95
1159,www.memearcade.com,63
1160,www.memecenter.com,129
1161,www.mensfitness.com,11
1162,www.merriam-webster.com,10
1163,www.metacafe.com,49
1164,www.metacritic.com,22
1165,www.metrolyrics.com,365
1166,www.min-mave.dk,9777
1167,www.minecraftforum.net,13
1168,www.minecraftwiki.net,257
1169,www.mirror.co.uk,181
1170,www.mmo-champion.com,116
1171,www.mobafire.com,51
1172,www.mobil.se,92
1173,www.mobilescandinavia.dk,12646
1174,www.mochigames.com,57
1175,www.moddb.com,56
1176,www.modhoster.com,13
1177,www.modhoster.de,11
1178,www.momondo.dk,19
1179,www.morethanaclub.dk,346
1180,www.motion-online.dk,34
1181,www.motorcykelgalleri.dk,153
1182,www.moviefone.com,12
1183,www.mx.dk,3821
1184,www.myfitnesspal.com,38
1185,www.mylifetime.com,13
1186,www.na24.no,54
1187,www.narutoget.com,232
1188,www.nasdaq.com,60
1189,www.nasdaqomxnordic.com,405
1190,www.nbc.com,19
1191,www.nefisyemektarifleri.com,15
1192,www.netdoktor.dk,3298
1193,www.netsundhedsplejerske.dk,208
1194,www.nettavisen.no,340
1195,www.news-medical.net,15
1196,www.newsit.gr,18
1197,www.newsnow.co.uk,232
1198,www.newyorkerbyheart.com,122
1199,www.ni.dk,8736
1200,www.nickelodeon.dk,93
1201,www.nieuwsblad.be,120
1202,www.nitrome.com,17
1203,www.nj.com,14
1204,www.nordjyske.dk,77
1205,www.nordjyskebiler.dk,14
1206,www.nordlys.no,49
1207,www.notdoppler.com,18
1208,www.notebookcheck.net,23
1209,www.novinky.cz,36
1210,www.nt.se,11
1211,www.nyheder365.dk,144
1212,www.nytimes.com,26
1213,www.ob.dk,417
1214,www.oblad.no,45
1215,www.odsgard.dk,59
1216,www.oestrogen.dk,356
1217,www.okayplayer.com,10
1218,www.oldtrafford.dk,65
1219,www.onlinekhabar.com,35
1220,www.onlineprisen.dk,47
1221,www.ordkamp.dk,20
1222,www.outcamp.dk,18
1223,www.overclock.net,10
1224,www.ovguide.com,256
1225,www.ox.popcap.com,25
1226,www.paleo-opskrifter.dk,26
1227,www.parkers.co.uk,22
1228,www.patient.co.uk,12
1229,www.pawnation.com,45
1230,www.pcadvisor.co.uk,34
1231,www.pcgamer.com,11
1232,www.people.com,155
1233,www.peopleenespanol.com,11
1234,www.peopleofwalmart.com,11
1235,www.peoplestylewatch.com,40
1236,www.pgatour.com,18
1237,www.phonearena.com,113
1238,www.phosee.dk,421
1239,www.photoblip.com,45
1240,www.picbadges.com,15
1241,www.picmonkey.com,77
1242,www.pikstra.com,113
1243,www.pixel.tv,18
1244,www.pizap.com,81
1245,www.play4movie.com,10
1246,www.playhacked.com,18
1247,www.playhub.com,398
1248,www.playpink.com,93
1249,www.pluska.sk,25
1250,www.poloniainfo.dk,530
1251,www.pophangover.com,12
1252,www.pricerunner.dk,12522
1253,www.pricerunner.se,65
1254,www.prisguide.no,20
1255,www.prisjakt.no,19
1256,www.prisjakt.nu,38
1257,www.privataaffarer.se,10
1258,www.proff.dk,66
1259,www.proinvestor.com,236
1260,www.prozeny.cz,44
1261,www.ps3trophies.org,11
1262,www.publicbookshelf.com,10
1263,www.q.dk,2284
1264,www.qnm.it,14
1265,www.quotev.com,116
1266,www.qx.se,107
1267,www.qxl.dk,467
1268,www.qxl.no,36
1269,www.rallye-magazin.de,21
1270,www.rangercentral.com,12
1271,www.ratebeer.com,20
1272,www.rb.no,73
1273,www.rbk.no,12
1274,www.rcgalleri.dk,76
1275,www.realmaeglerne.dk,110
1276,www.recept.nu,44
1277,www.recordere.dk,2202
1278,www.rejse-guide.dk,219
1279,www.rejseavisen.dk,29
1280,www.rejseliv.dk,2040
1281,www.rejseplanen.dk,5667
1282,www.repubblica.it,75
1283,www.reseguiden.se,24
1284,www.resultat.dk,58
1285,www.retardo.dk,507
1286,www.retrevo.com,45
1287,www.reverso.net,25
1288,www.reviewcentre.com,10
1289,www.rightdiagnosis.com,10
1290,www.rlslog.net,135
1291,www.roblox.com,365
1292,www.roiworld.com,1287
1293,www.rollingstone.com,24
1294,www.rottentomatoes.com,13
1295,www.rtl.de,32
1296,www.rubrikk.no,15
1297,www.rumid.dk,199
1298,www.ruteplan.dk,44
1299,www.ryanair.com,224
1300,www.salon.com,12
1301,www.sarahskager.dk,14
1302,www.sat1.de,24
1303,www.scootergalleri.dk,278
1304,www.scope.dk,114
1305,www.scribd.com,31
1306,www.seat24.dk,54
1307,www.seattlepi.com,23
1308,www.seher.no,18
1309,www.senest.dk,11
1310,www.seoghoer.dk,6740
1311,www.seventeen.com,67
1312,www.sheknows.com,16
1313,www.sho.dk,131
1314,www.shopping.com,10
1315,www.side-line.com,14
1316,www.side2.no,27
1317,www.side3.no,16
1318,www.sidereel.com,235
1319,www.sjovforborn.dk,3768
1320,www.sjovforbornpaaferie.dk,688
1321,www.skelbiu.lt,15
1322,www.skivefolkeblad.dk,25
1323,www.skyscanner.dk,1181
1324,www.slotforum.com,36
1325,www.smartphowned.com,13
1326,www.smp.no,91
1327,www.smp.se,44
1328,www.soccermanager.com,38
1329,www.sodahead.com,26
1330,www.soendag.dk,1132
1331,www.soenderjyske.dk,138
1332,www.sol.dk,13422
1333,www.sol.no,291
1334,www.solfaktor.no,60
1335,www.sommerferie.nu,379
1336,www.soundcheck.dk,82
1337,www.space.com,28
1338,www.spicegag.com,28
1339,www.spigo.dk,361
1340,www.spili.dk,125
1341,www.spilleland.com,80
1342,www.spilop.dk,417
1343,www.spinnyverse.com,39
1344,www.spismed.net,67
1345,www.sport.cz,10
1346,www.sporten.dk,17563
1347,www.standard.co.uk,24
1348,www.stardoll.com,620
1349,www.startsiden.no,107
1350,www.stayfriends.se,19
1351,www.steephill.tv,11
1352,www.storm.no,29
1353,www.stourbridgenews.co.uk,59
1354,www.streetmap.co.uk,10
1355,www.studieportalen.dk,387
1356,www.subito.it,10
1357,www.sugarscape.com,132
1358,www.super.cz,20
1359,www.supersaver.dk,326
1360,www.suzuki-forums.com,66
1361,www.svd.se,139
1362,www.swedroid.se,10
1363,www.swellmayde.com,12
1364,www.sydsvenskan.se,31
1365,www.sydsverige.dk,1030
1366,www.taaz.com,139
1367,www.tagged.com,2461
1368,www.taste.com.au,56
1369,www.tasteline.com,26
1370,www.tattoojohnny.com,166
1371,www.teamtalk.com,59
1372,www.teetime.dk,41
1373,www.teknofil.no,10
1374,www.tenmanga.com,1053
1375,www.tentonhammer.com,16
1376,www.tetrisfriends.com,123
1377,www.thailovelinks.com,82
1378,www.theanimalrescuesite.com,44
1379,www.thelocal.se,22
1380,www.thescottishsun.co.uk,22
1381,www.thesims3.com,13
1382,www.thesimsresource.com,414
1383,www.thesun.co.uk,549
1384,www.thetrainline.com,14
1385,www.tilbudonline.dk,110
1386,www.timetolol.com,61
1387,www.tineye.com,205
1388,www.tipsbladet.dk,5679
1389,www.tokfm.pl,33
1390,www.tomshardware.co.uk,12
1391,www.tomshardware.dk,14
1392,www.topix.com,14
1393,www.tradera.com,504
1394,www.traileraddict.com,14
1395,www.traktorgalleri.dk,53
1396,www.travelfish.org,10
1397,www.travellink.dk,72
1398,www.travelmarket.dk,889
1399,www.travelstart.dk,55
1400,www.trendsales.dk,33072
1401,www.treningsforum.no,52
1402,www.tripadvisor.dk,49
1403,www.trulia.com,18
1404,www.trustedreviews.com,27
1405,www.tu.no,55
1406,www.tucasa.com,15
1407,www.tupalo.dk,12
1408,www.tv.com,145
1409,www.tv2.no,312
1410,www.tvguide.com,23
1411,www.tvguide.dk,9429
1412,www.tvrage.com,14
1413,www.tvspielfilm.de,10
1414,www.tvtoday.de,51
1415,www.tweak.dk,79
1416,www.udeoghjemme.dk,2540
1417,www.uesp.net,38
1418,www.ultimate-guitar.com,35
1419,www.united.no,12
1420,www.upload2.com,33
1421,www.urbandictionary.com,19
1422,www.usmagazine.com,100
1423,www.v3.co.uk,13
1424,www.vackertvader.se,14
1425,www.valdemarsro.dk,16
1426,www.valuta.se,15
1427,www.valutakurser.dk,4197
1428,www.valutaomregner.dk,36
1429,www.varebilogtransport.dk,12
1430,www.vejrcentral.dk,27
1431,www.veria.com,16
1432,www.veterinaren.nu,16
1433,www.vg.no,2584
1434,www.vice.com,51
1435,www.videnommad.dk,12
1436,www.video2mp3.net,562
1437,www.vidtomp3.com,14
1438,www.vildmedgolf.dk,50
1439,www.vildmedmad.dk,242
1440,www.vip.de,12
1441,www.virtualmanager.com,2281
1442,www.visitstockholm.com,15
1443,www.viunge.dk,3994
1444,www.viviro.com,429
1445,www.vk.se,27
1446,www.vom.dk,38
1447,www.vorname.com,12
1448,www.w3schools.com,11
1449,www.washingtonpost.com,12
1450,www.wattpad.com,184
1451,www.wayfair.com,21
1452,www.wayn.com,26
1453,www.weather-forecast.com,10
1454,www.weather.com,63
1455,www.website-unavailable.com,232
1456,www.wetpaint.com,224
1457,www.wetter.de,39
1458,www.wetteronline.de,11
1459,www.wgt.com,365
1460,www.wikia.com,18
1461,www.wikihow.com,16
1462,www.windfinder.com,14
1463,www.wine-searcher.com,18
1464,www.worldsnooker.com,10
1465,www.worldstarhiphop.com,19
1466,www.worstpreviews.com,23
1467,www.worthpoint.com,22
1468,www.wowhd.dk,38
1469,www.wowwiki.com,191
1470,www.wreckedexotics.com,20
1471,www.wtfshots.com,12
1472,www.wunderground.com,79
1473,www.x17online.com,51
1474,www.xda-developers.com,14
1475,www.yasni.info,23
1476,www.yelp.dk,43
1477,www.yepi.com,35
1478,www.youm7.com,28
1479,www.zedge.net,11
1480,www.zimbio.com,76
1481,www.zoover.co.uk,13
1482,www.zoover.dk,367
1483,www1.dlinksearch.com,10
1484,www1.skysports.com,149
1485,www1.watchop.com,367
1486,www74.hattrick.org,240
1487,www75.hattrick.org,140
1488,www76.hattrick.org,229
1489,www77.hattrick.org,260
1490,www78.hattrick.org,213
1491,www79.hattrick.org,181
1492,www91.hattrick.org,314
1493,www92.hattrick.org,537
1494,www93.hattrick.org,522
1495,www94.hattrick.org,281
1496,www95.hattrick.org,88
1497,x2.vindicosuite.com,15737
1498,xn--forklelsessr-3cb2x.dk,22
1499,xplayn.com,161
1500,yugioh.wikia.com,29
1501,z13.invisionfree.com,15
1502,zoom-online.dk,110
1503,zulu.dk,59
1504,zynga2-a.akamaihd.net,16103
